"scenario","method","seconds","r_trial","r_within_condition","rmse","max_abs_diff_vs_equivalent","n_vox","n_trials","n_scans"
"rapid_2k","fmrilss_lss",0.01,0.530184148903175,0.431765562532995,1.06146453174999,NA,2000,150,400
"rapid_2k","fmrilss_lss_n",0.0169999999999999,0.527836917483786,0.44119204896647,1.02845215265675,NA,2000,150,400
"rapid_2k","fmrilss_lss_n_cpp",0.00800000000000001,0.527836917483786,0.44119204896647,1.02845215265675,NA,2000,150,400
"rapid_2k","fmrilss_lss_n_ar1",0.0640000000000001,0.548480494587791,0.460640183474824,0.968941527639039,NA,2000,150,400
"rapid_2k","fmrilss_lss_n_ar1_voxel",0.683,0.552434707460118,0.464066033916141,0.955984988917539,NA,2000,150,400
"rapid_2k","fmrilss_lss_n_ridge",0.0149999999999997,0.527602898454641,0.441227669849478,0.687968121017357,NA,2000,150,400
"rapid_2k","fmrilss_lss_n_ridge_ar1_voxel",0.605,0.552348524710956,0.46409624406814,0.662396462856826,NA,2000,150,400
"rapid_2k","python_numpy_closed",0.0205123119999371,0.530184148903175,0.431765562532995,1.06146453174999,2.26485497023532e-13,2000,150,400
"rapid_2k","python_numpy_loop",1.79443647800008,0.530184148903178,0.431765562532994,1.06146453174999,4.52970994047064e-13,2000,150,400
"rapid_2k","python_numpy_loop_n",1.86881604700011,0.527836917483788,0.44119204896647,1.02845215265675,3.54938300972663e-13,2000,150,400
"rapid_2k","python_nilearn_ols",1.88479651299986,0.527836917483791,0.44119204896647,1.02845215265675,3.31290550548147e-13,2000,150,400
"rapid_2k","python_nilearn_ar1",19.7936513499999,0.551688019137367,0.463776188895961,0.959811032043364,NA,2000,150,400
"slow_2k","fmrilss_lss",0.00700000000000001,0.549293226386308,0.449426657670912,0.987720681664244,NA,2000,69,400
"slow_2k","fmrilss_lss_n",0.00900000000000012,0.541499107874476,0.451625338531243,0.981733594436544,NA,2000,69,400
"slow_2k","fmrilss_lss_n_cpp",0.00500000000000012,0.541499107874476,0.451625338531243,0.981733594436544,NA,2000,69,400
"slow_2k","fmrilss_lss_n_ar1",0.0680000000000001,0.556961901163874,0.466158237951488,0.938977540172168,NA,2000,69,400
"slow_2k","fmrilss_lss_n_ar1_voxel",0.371,0.562078483081761,0.470379399175369,0.923777962070286,NA,2000,69,400
"slow_2k","fmrilss_lss_n_ridge",0.00900000000000034,0.541396628834988,0.451603498961669,0.670026837732519,NA,2000,69,400
"slow_2k","fmrilss_lss_n_ridge_ar1_voxel",0.342,0.561856859076418,0.470349489177344,0.650321203871332,NA,2000,69,400
"slow_2k","python_numpy_closed",0.00809745000015027,0.549293226386307,0.449426657670913,0.987720681664244,1.78079773149875e-13,2000,69,400
"slow_2k","python_numpy_loop",0.822855548999996,0.549293226386303,0.449426657670913,0.987720681664243,4.98351360178617e-13,2000,69,400
"slow_2k","python_numpy_loop_n",0.859991724999873,0.541499107874476,0.451625338531243,0.981733594436544,3.69704267200177e-13,2000,69,400
"slow_2k","python_nilearn_ols",1.63094255299984,0.541499107874474,0.451625338531243,0.981733594436545,3.62376795237651e-13,2000,69,400
"slow_2k","python_nilearn_ar1",8.33084699600022,0.561417125080977,0.47014570113299,0.927208386734505,NA,2000,69,400
"rapid_20k","fmrilss_lss",0.054,0.530050734268323,0.431542230392284,1.06551646881843,NA,20000,150,400
"rapid_20k","fmrilss_lss_n",0.054,0.528183692525811,0.441604481601861,1.03177651432746,NA,20000,150,400
"rapid_20k","fmrilss_lss_n_cpp",0.0540000000000003,0.528183692525811,0.441604481601861,1.03177651432746,NA,20000,150,400
"rapid_20k","fmrilss_lss_n_ar1",0.26,0.549121214595874,0.461320586108343,0.969254516772748,NA,20000,150,400
"rapid_20k","fmrilss_lss_n_ar1_voxel",1.372,0.553314716719708,0.464880649296803,0.95555903431987,NA,20000,150,400
"rapid_20k","fmrilss_lss_n_ridge",0.0500000000000007,0.527928648177774,0.441620816381484,0.68645868809571,NA,20000,150,400
"rapid_20k","fmrilss_lss_n_ridge_ar1_voxel",1.344,0.553230698588433,0.46490969448002,0.659678591416217,NA,20000,150,400
"rapid_20k","python_numpy_closed",0.310139636000258,0.530050734268323,0.431542230392284,1.06551646881843,2.4491519923231e-13,20000,150,400
"rapid_20k","python_numpy_loop",32.3341572240001,0.530050734268326,0.431542230392284,1.06551646881843,4.86388707088281e-13,20000,150,400
"rapid_20k","python_numpy_loop_n",34.087539786,0.528183692525813,0.441604481601861,1.03177651432746,4.08562073062058e-13,20000,150,400
"rapid_20k","python_nilearn_ols",11.5416756929999,0.528183692525816,0.441604481601861,1.03177651432746,3.44613226843649e-13,20000,150,400
"rapid_20k","python_nilearn_ar1",113.33056613,0.552587540450947,0.464619610458405,0.959457898038854,NA,20000,150,400
