"scenario","method","n_old","mean_cor_old","median_cor_old","sd_cor_old","mean_rmse_old","median_rmse_old","sd_rmse_old","mean_slope_bias_old","median_slope_bias_old","sd_slope_bias_old","mean_abs_slope_bias_old","mean_intercept_bias_old","median_intercept_bias_old","sd_intercept_bias_old","mean_abs_intercept_bias_old","mean_sign_acc_old","median_sign_acc_old","sd_sign_acc_old","success_rate_old","run_old","n_new","mean_cor_new","median_cor_new","sd_cor_new","mean_rmse_new","median_rmse_new","sd_rmse_new","mean_slope_bias_new","median_slope_bias_new","sd_slope_bias_new","mean_abs_slope_bias_new","mean_intercept_bias_new","median_intercept_bias_new","sd_intercept_bias_new","mean_abs_intercept_bias_new","mean_sign_acc_new","median_sign_acc_new","sd_sign_acc_new","success_rate_new","run_new","delta_cor","delta_rmse","delta_sign_acc"
"h2_r3_c3__hrf_lag2_widen1p5__ar_high__isi_sparse__amp_mod","fmrilss_oasis_best",40,0.270555075802694,0.27162185274009,0.0503381444644071,2.78570371839649,2.80510318340162,0.235998399595364,-0.241577146979465,-0.231882989158857,0.16602717878475,0.246931064065622,-0.00665779603052074,-0.000562645641475033,0.0858423646168151,0.0698176849888152,0.591145833333333,0.591435185185185,0.0261507489067014,1,"before",40,0.270555075802694,0.27162185274009,0.0503381444644071,2.78570371839649,2.80510318340162,0.235998399595364,-0.241577146979465,-0.231882989158857,0.16602717878475,0.246931064065622,-0.00665779603052074,-0.000562645641475033,0.0858423646168151,0.0698176849888152,0.591145833333333,0.591435185185185,0.0261507489067014,1,"after",0,0,0
"h2_r3_c3__hrf_lag2_widen1p5__ar_high__isi_sparse__amp_mod","fmrilss_lss",40,0.270014106066072,0.270903319031004,0.0504321089528738,2.92320113234108,2.92844549289067,0.239162244288111,-0.204604499230147,-0.188242962417929,0.171287143352718,0.2168093839095,-0.00682719498234027,-0.000513115338841181,0.0844875313581012,0.0683129297126978,0.59068287037037,0.591435185185185,0.026141290133258,1,"before",40,0.270014106066072,0.270903319031004,0.0504321089528738,2.92320113234108,2.92844549289067,0.239162244288111,-0.204604499230147,-0.188242962417929,0.171287143352718,0.2168093839095,-0.00682719498234027,-0.000513115338841181,0.0844875313581012,0.0683129297126978,0.59068287037037,0.591435185185185,0.026141290133258,1,"after",0,0,0
"h2_r3_c3__hrf_lag2_widen1p5__ar_high__isi_sparse__amp_mod","st_default",40,0.268701531645548,0.274010397653555,0.0502744784643194,1.04129992763604,1.04138127676831,0.0533791144960573,-0.953694460688655,-0.956126984440981,0.0161983279229406,0.953694460688655,-0.00247824007276588,-0.00151417957559422,0.0234351586534094,0.0162037473754664,0.593171296296296,0.59375,0.0259559566101819,1,"before",40,0.268701531645548,0.274010397653555,0.0502744784643194,1.04129992763604,1.04138127676831,0.0533791144960573,-0.953694460688655,-0.956126984440981,0.0161983279229406,0.953694460688655,-0.00247824007276588,-0.00151417957559422,0.0234351586534094,0.0162037473754664,0.593171296296296,0.59375,0.0259559566101819,1,"after",0,0,0
"h2_r3_c3__hrf_lag2_widen1p5__ar_high__isi_sparse__amp_mod","fmrilss_sbhm",40,0.234956382540343,0.234899097244911,0.0506787527013057,3.30421072457841,3.25496995664958,0.526360404234872,-0.282041941852155,-0.295661302274065,0.177066685558726,0.284410888880876,-0.00930312391040491,-0.0145242658077584,0.0980090332417647,0.0773031195866742,0.57806712962963,0.577546296296296,0.0272029570787094,1,"before",40,0.225052742395779,0.214347975928513,0.0596089150587599,3.49552014358871,3.27387368328344,0.885393026183647,-0.32856431162212,-0.294241106111057,0.209097006939964,0.328734749553277,-0.000327176548759864,0.0144890957346047,0.120513614118173,0.0941713887380749,0.577835648148148,0.578703703703704,0.0306677964370611,1,"after",-0.00990364014456402,0.1913094190103,-0.000231481481481999
"h2_r3_c2__hrf_lag2_widen1p5__ar_high__isi_mid__amp_none","fmrilss_oasis_best",40,0.248625846016022,0.240593535398525,0.0426544760781574,2.84176317791117,2.81539484359268,0.178262821289832,-0.232937770354225,-0.236527940084345,0.148756642622545,0.242465706205014,0.00131875437357338,0.0112166508497445,0.0593071029555563,0.0460720181859115,0.5859375,0.590277777777778,0.0221545263946609,1,"before",40,0.248625846016022,0.240593535398525,0.0426544760781574,2.84176317791117,2.81539484359268,0.178262821289832,-0.232937770354225,-0.236527940084345,0.148756642622545,0.242465706205014,0.00131875437357338,0.0112166508497445,0.0593071029555563,0.0460720181859115,0.5859375,0.590277777777778,0.0221545263946609,1,"after",0,0,0
"h2_r3_c2__hrf_lag2_widen1p5__ar_high__isi_mid__amp_none","fmrilss_lss",40,0.24809872956838,0.240236428133777,0.0426992019399897,2.98880692105008,2.98697689021612,0.198803342015388,-0.193375123968891,-0.210053659870154,0.158365380713628,0.212761491642235,-0.000590571754927097,0.00849026957819445,0.0531129954712205,0.0399963217286521,0.585706018518519,0.587962962962963,0.0217748341694609,1,"before",40,0.24809872956838,0.240236428133777,0.0426992019399897,2.98880692105008,2.98697689021612,0.198803342015388,-0.193375123968891,-0.210053659870154,0.158365380713628,0.212761491642235,-0.000590571754927097,0.00849026957819445,0.0531129954712205,0.0399963217286521,0.585706018518519,0.587962962962963,0.0217748341694609,1,"after",0,0,0
"h2_r3_c2__hrf_lag2_widen1p5__ar_high__isi_mid__amp_none","st_default",40,0.239851494881095,0.226706994333728,0.0468254015994564,0.975385460630017,0.972325340888081,0.0351436529963598,-0.960037122474538,-0.96095360111682,0.0102865424799739,0.960037122474538,-0.000197980780721693,0.00346689555136171,0.0180910412121129,0.014698902973427,0.590798611111111,0.590277777777778,0.0219006658523462,1,"before",40,0.239851494881095,0.226706994333728,0.0468254015994564,0.975385460630017,0.972325340888081,0.0351436529963598,-0.960037122474538,-0.96095360111682,0.0102865424799739,0.960037122474538,-0.000197980780721693,0.00346689555136171,0.0180910412121129,0.014698902973427,0.590798611111111,0.590277777777778,0.0219006658523462,1,"after",0,0,0
"h2_r3_c2__hrf_lag2_widen1p5__ar_high__isi_mid__amp_none","fmrilss_sbhm",40,0.223216060832538,0.235191188128233,0.0625135118827598,3.37413146838922,3.22396155081047,0.48986144647442,-0.28812183930051,-0.278295628988215,0.235747952787499,0.306890904811114,0.00234758850261556,0.0168922823927934,0.10180232426873,0.0835549287072191,0.577777777777778,0.578703703703704,0.0226974161263936,1,"before",40,0.186996554512984,0.19190196076349,0.0481883967011496,3.72824577603555,3.55086940445317,0.802263040414327,-0.433355185082113,-0.385752752080662,0.245299510336046,0.433355185082113,0.00307741083321218,0.0115691344356939,0.113842266632926,0.091964270936296,0.567476851851852,0.568287037037037,0.020621549372251,1,"after",-0.036219506319554,0.35411430764633,-0.0103009259259259
"h2_r3_c1__hrf_lag2_widen1p5__ar_high__isi_dense__amp_high","fmrilss_lss",40,0.235912203926176,0.238514481574494,0.0427125515397349,3.74671129803565,3.62469299079973,0.532449902581492,-0.211964658167685,-0.194181209434188,0.184295486525202,0.238857789459551,-0.0116144380662893,-0.0181791199237197,0.0732395120844134,0.0592267407867405,0.568865740740741,0.564814814814815,0.0212722184171856,1,"before",40,0.235912203926176,0.238514481574494,0.0427125515397349,3.74671129803565,3.62469299079973,0.532449902581492,-0.211964658167685,-0.194181209434188,0.184295486525202,0.238857789459551,-0.0116144380662893,-0.0181791199237197,0.0732395120844134,0.0592267407867405,0.568865740740741,0.564814814814815,0.0212722184171856,1,"after",0,0,0
"h2_r3_c1__hrf_lag2_widen1p5__ar_high__isi_dense__amp_high","fmrilss_sbhm",40,0.233062876266421,0.232218837847528,0.045571274379463,3.70334095840515,3.6781094438814,0.514875593031932,-0.253440828438494,-0.278137844668917,0.177701774874833,0.262323824150582,-0.00755682244019869,-0.00259110754205104,0.0775228336956636,0.0625266052506844,0.571875,0.570601851851852,0.0259887546771082,1,"before",40,0.224030224156389,0.232799701032736,0.0501593109155528,3.80956124311372,3.62381729872072,0.795478033011339,-0.298795737172671,-0.281437784770159,0.183973954885856,0.305683356077185,-0.00734644943485354,-0.0158452465066938,0.083872067239339,0.0697050892045772,0.566608796296296,0.564814814814815,0.0248843627838567,1,"after",-0.00903265211003199,0.10622028470857,-0.00526620370370401
"h2_r3_c1__hrf_lag2_widen1p5__ar_high__isi_dense__amp_high","st_default",40,0.211125885340837,0.218204698276142,0.0634324579342557,1.200654642143,1.18805062567646,0.0923962549761659,-0.959827127874167,-0.970230396830201,0.0240907688478976,0.959827127874167,-0.00388841956798732,-0.0025047357490815,0.0320063219400588,0.0226084654416928,0.552488425925926,0.582175925925926,0.12642233100574,1,"before",40,0.211125885340837,0.218204698276142,0.0634324579342557,1.200654642143,1.18805062567646,0.0923962549761659,-0.959827127874167,-0.970230396830201,0.0240907688478976,0.959827127874167,-0.00388841956798732,-0.0025047357490815,0.0320063219400588,0.0226084654416928,0.552488425925926,0.582175925925926,0.12642233100574,1,"after",0,0,0
"h2_r3_c1__hrf_lag2_widen1p5__ar_high__isi_dense__amp_high","fmrilss_oasis_best",40,0.123897626350015,0.12751348912274,0.0583683543488606,4.0367484931002,3.93562369701126,0.74397295462894,-0.571887571278606,-0.583078139924162,0.20680730875871,0.573611403565235,-0.0154771336335545,-0.0209510962210548,0.0704264038376856,0.0603185783097454,0.532581018518519,0.530092592592593,0.023753871593158,1,"before",40,0.236489717635526,0.238657093634693,0.0426848203881766,3.55940818658068,3.52064906339189,0.496838371688519,-0.250704032059465,-0.246443892485712,0.176634481678043,0.265869093695602,-0.0140688090424461,-0.0136878486807716,0.0830793787197111,0.0678140990327932,0.569155092592593,0.564814814814815,0.0203238286786969,1,"after",0.112592091285511,-0.47734030651952,0.036574074074074
"h2_r2_c3__hrf_lag2_widen1p5__ar_mod__isi_sparse__amp_none","fmrilss_sbhm",40,0.28913465046826,0.287934094715848,0.0465428937652684,2.60232306594881,2.54344449325928,0.317005782854666,-0.22148966056837,-0.217178416855833,0.156500569110604,0.235082633204243,-0.0140207192039272,-0.00525922255946763,0.0869170436716946,0.0639024983830984,0.598784722222222,0.594907407407407,0.0252020185935412,1,"before",40,0.257567182695342,0.266894415243733,0.0470609774900224,2.70444860556782,2.62698976044034,0.453153140319754,-0.315402775364536,-0.300818051958956,0.171974817371418,0.32404818346477,-0.0185212271896861,-0.0161426704754657,0.0895588713662331,0.0768341261046544,0.591435185185185,0.59375,0.0256162827754337,1,"after",-0.031567467772918,0.10212553961901,-0.007349537037037
"h2_r2_c3__hrf_lag2_widen1p5__ar_mod__isi_sparse__amp_none","fmrilss_lss",40,0.287210214763298,0.286919934882044,0.0446504525943514,2.47671268581239,2.44184915647984,0.195265815247721,-0.225777973973931,-0.23229941588434,0.149010927819454,0.235529404334496,-0.00489420090451606,-0.00276950583737863,0.049812719101259,0.0407113612071244,0.5984375,0.597222222222222,0.0194872701128018,1,"before",40,0.287210214763298,0.286919934882044,0.0446504525943514,2.47671268581239,2.44184915647984,0.195265815247721,-0.225777973973931,-0.23229941588434,0.149010927819454,0.235529404334496,-0.00489420090451606,-0.00276950583737863,0.049812719101259,0.0407113612071244,0.5984375,0.597222222222222,0.0194872701128018,1,"after",0,0,0
"h2_r2_c3__hrf_lag2_widen1p5__ar_mod__isi_sparse__amp_none","st_default",40,0.282916828530119,0.283898445568874,0.0471018878613692,0.969394627977601,0.968449070026677,0.0361902216603964,-0.953896669492337,-0.958787004473946,0.0171172296887785,0.953896669492337,-0.000474321265180545,0.000731906007465435,0.0181826687882418,0.0147828669124081,0.604976851851852,0.604166666666667,0.0218571000466056,1,"before",40,0.282916828530119,0.283898445568874,0.0471018878613692,0.969394627977601,0.968449070026677,0.0361902216603964,-0.953896669492337,-0.958787004473946,0.0171172296887785,0.953896669492337,-0.000474321265180545,0.000731906007465435,0.0181826687882418,0.0147828669124081,0.604976851851852,0.604166666666667,0.0218571000466056,1,"after",0,0,0
"h2_r2_c3__hrf_lag2_widen1p5__ar_mod__isi_sparse__amp_none","fmrilss_oasis_best",40,0.177892254598367,0.184101200497184,0.044324491805034,2.82187271677848,2.80342503229183,0.157825200952891,-0.482123956869469,-0.488818027869372,0.129909143006946,0.482123956869469,-0.00335608717290864,0.00209329498809495,0.0544037281220923,0.0438640891083954,0.561979166666667,0.5625,0.023679139540701,1,"before",40,0.287466171520751,0.287354816663396,0.0447091432799851,2.37638808637279,2.36955936269757,0.191698178486201,-0.258335754022637,-0.273571453977485,0.142853214371906,0.262383184944903,-0.00567475939876761,-0.0099389122009518,0.0529287794410545,0.0437013740874963,0.598032407407407,0.59837962962963,0.0198682364907269,1,"after",0.109573916922384,-0.44548463040569,0.03605324074074
"h2_r2_c2__hrf_lag2_widen1p5__ar_mod__isi_mid__amp_high","fmrilss_lss",40,0.300369764955415,0.300116407894251,0.0373641736232369,2.98168190677258,2.98172901627844,0.332259468886635,-0.20966875603229,-0.216592074702242,0.141223046894975,0.21652687505175,0.0054308705158388,0.0169776811501239,0.0550615000916435,0.0430568905940949,0.591840277777778,0.587962962962963,0.021799428355645,1,"before",40,0.300369764955415,0.300116407894251,0.0373641736232369,2.98168190677258,2.98172901627844,0.332259468886635,-0.20966875603229,-0.216592074702242,0.141223046894975,0.21652687505175,0.0054308705158388,0.0169776811501239,0.0550615000916435,0.0430568905940949,0.591840277777778,0.587962962962963,0.021799428355645,1,"after",0,0,0
"h2_r2_c2__hrf_lag2_widen1p5__ar_mod__isi_mid__amp_high","st_default",40,0.297909156943996,0.29755577749874,0.0420786913978638,1.19217999453906,1.18220920945487,0.0940639854310903,-0.93860007617141,-0.951967641005335,0.0339017315532803,0.93860007617141,-0.00658014500736893,0.000685512348106231,0.0344582469664333,0.0234467830410006,0.594155092592593,0.597222222222222,0.0259646230289651,1,"before",40,0.297909156943996,0.29755577749874,0.0420786913978638,1.19217999453906,1.18220920945487,0.0940639854310903,-0.93860007617141,-0.951967641005335,0.0339017315532803,0.93860007617141,-0.00658014500736893,0.000685512348106231,0.0344582469664333,0.0234467830410006,0.594155092592593,0.597222222222222,0.0259646230289651,1,"after",0,0,0
"h2_r2_c2__hrf_lag2_widen1p5__ar_mod__isi_mid__amp_high","fmrilss_sbhm",40,0.277261438751808,0.279452988757393,0.0429820538560549,3.23099078216004,3.15648419811469,0.578812336414041,-0.258845012161291,-0.266553199372883,0.155882671207564,0.260746385638667,-0.0120573898215502,-0.00543331715525043,0.0590447686691496,0.0445879928921758,0.581076388888889,0.579861111111111,0.0202852586891435,1,"before",40,0.249892045762461,0.257776823354964,0.0537076848977667,3.2234053020939,3.08664884978258,0.566443382597495,-0.373381808102501,-0.352391892498141,0.191279982732519,0.374725401881701,0.00527807128385211,-0.00182029499553021,0.0785399369794203,0.059868474076631,0.575868055555556,0.574074074074074,0.0202310013449169,1,"after",-0.027369392989347,-0.0075854800661399,-0.00520833333333304
"h2_r2_c2__hrf_lag2_widen1p5__ar_mod__isi_mid__amp_high","fmrilss_oasis_best",40,0.151090735397132,0.156440143363546,0.060735228748636,3.0059606274082,2.95141657198443,0.406886296004447,-0.627224928864088,-0.613699074743744,0.150655556866824,0.627224928864088,0.00197492816546978,0.0024956908588625,0.0586021039994878,0.0465955593171686,0.544733796296296,0.546296296296296,0.0197422385429351,1,"before",40,0.300727948822725,0.300477214818406,0.0373235338123911,2.84589935589603,2.82432766788395,0.313002182817085,-0.246315931156161,-0.249969995775694,0.13454602225717,0.248193622353175,0.00177927439392456,0.0162457878303296,0.0592387074100235,0.0461569024019699,0.592361111111111,0.591435185185185,0.0215803346544316,1,"after",0.149637213425593,-0.16006127151217,0.047627314814815
"h2_r2_c1__hrf_lag2_widen1p5__ar_mod__isi_dense__amp_mod","fmrilss_sbhm",40,0.248059531055046,0.243504953856244,0.0556356806749414,3.14230317651592,3.17049264807542,0.426721257933765,-0.227241384187277,-0.251245672922916,0.213549181618067,0.269721260978846,-0.0080948266838265,2.30948335269339e-05,0.0637464613174391,0.0516888947853743,0.585127314814815,0.581018518518518,0.0259121833701891,1,"before",40,0.233362128878838,0.229551188095555,0.0516944034568963,3.01080034271819,2.96545911401071,0.445386471837438,-0.301098618331034,-0.293352563640775,0.182030726313233,0.311032139955489,-0.00129756097607104,0.013142226459207,0.0653257348620217,0.054713026498846,0.583159722222222,0.578703703703704,0.0257680905375107,1,"after",-0.014697402176208,-0.13150283379773,-0.00196759259259294
"h2_r2_c1__hrf_lag2_widen1p5__ar_mod__isi_dense__amp_mod","fmrilss_lss",40,0.244902145934887,0.2429669839878,0.0418386231378665,3.1191585882327,3.11983952370251,0.386690623192831,-0.224232004036496,-0.252794233669368,0.184982686393363,0.244202641331836,0.00191064596192747,0.00403228722778586,0.0580546668881502,0.0457459465665534,0.582523148148148,0.583333333333333,0.0210697386833684,1,"before",40,0.244902145934887,0.2429669839878,0.0418386231378665,3.1191585882327,3.11983952370251,0.386690623192831,-0.224232004036496,-0.252794233669368,0.184982686393363,0.244202641331836,0.00191064596192747,0.00403228722778586,0.0580546668881502,0.0457459465665534,0.582523148148148,0.583333333333333,0.0210697386833684,1,"after",0,0,0
"h2_r2_c1__hrf_lag2_widen1p5__ar_mod__isi_dense__amp_mod","st_default",40,0.239965657964312,0.240745404597377,0.04194093354288,1.04504804214344,1.0410020532451,0.0534495626591697,-0.95740125392119,-0.962727158148852,0.0233214664932534,0.95740125392119,-0.00661719206254975,-0.000801937182476326,0.0343201296617872,0.0229834546337602,0.594560185185185,0.59837962962963,0.0203059907069558,1,"before",40,0.239965657964312,0.240745404597377,0.04194093354288,1.04504804214344,1.0410020532451,0.0534495626591697,-0.95740125392119,-0.962727158148852,0.0233214664932534,0.95740125392119,-0.00661719206254975,-0.000801937182476326,0.0343201296617872,0.0229834546337602,0.594560185185185,0.59837962962963,0.0203059907069558,1,"after",0,0,0
"h2_r2_c1__hrf_lag2_widen1p5__ar_mod__isi_dense__amp_mod","fmrilss_oasis_best",40,0.121369950569933,0.124024337586628,0.0463918721290787,3.61531714299488,3.60850896557856,0.309120652853671,-0.575561053377457,-0.537568922072571,0.160248634509305,0.575561053377457,-0.00450360945297125,-0.00389530011969906,0.0548675851607446,0.0444023600175302,0.534606481481481,0.533564814814815,0.0240331190644455,1,"before",40,0.245505872375637,0.243008470604528,0.0417272627575041,2.94844428513508,2.94776010664151,0.368183614440883,-0.266464895738986,-0.292193635503206,0.176775249062256,0.274601667982993,-0.00157889212592338,-0.00530593690104257,0.0653520599709245,0.050579723259172,0.58443287037037,0.584490740740741,0.0210072898570385,1,"after",0.124135921805704,-0.6668728578598,0.0498263888888889
"h2_r1_c3__hrf_lag2_widen1p5__ar_iid__isi_sparse__amp_high","st_default",40,0.398295912819741,0.397190111444418,0.073184266048827,1.12995170415425,1.11863634241049,0.108205340660139,-0.770439169338419,-0.774868450030702,0.0506264134231528,0.770439169338419,-0.00337617553421718,0.00562138412699741,0.05063622185544,0.0381780689730038,0.618518518518519,0.615740740740741,0.0283806065853108,1,"before",40,0.398295912819741,0.397190111444418,0.073184266048827,1.12995170415425,1.11863634241049,0.108205340660139,-0.770439169338419,-0.774868450030702,0.0506264134231528,0.770439169338419,-0.00337617553421718,0.00562138412699741,0.05063622185544,0.0381780689730038,0.618518518518519,0.615740740740741,0.0283806065853108,1,"after",0,0,0
"h2_r1_c3__hrf_lag2_widen1p5__ar_iid__isi_sparse__amp_high","fmrilss_oasis_best",40,0.386125907440036,0.379872424541376,0.0396633870293539,2.23627604127259,2.15626491443503,0.276223041901046,-0.234374355594042,-0.255858587182118,0.109085756883491,0.238740800119822,0.0117198138866717,0.0096774349516413,0.0789350395274175,0.0641367998924293,0.616724537037037,0.616898148148148,0.025367750742504,1,"before",40,0.386125907440036,0.379872424541376,0.0396633870293539,2.23627604127259,2.15626491443503,0.276223041901046,-0.234374355594042,-0.255858587182118,0.109085756883491,0.238740800119822,0.0117198138866717,0.0096774349516413,0.0789350395274175,0.0641367998924293,0.616724537037037,0.616898148148148,0.025367750742504,1,"after",0,0,0
"h2_r1_c3__hrf_lag2_widen1p5__ar_iid__isi_sparse__amp_high","fmrilss_lss",40,0.384763830039442,0.378451906588502,0.039475727805962,2.35226336263957,2.28953613496618,0.274100858841919,-0.194822965018485,-0.22405790749448,0.113941749935342,0.204624522676402,0.0115472174293134,0.0129653459403403,0.0795013771113323,0.0641060381522504,0.616724537037037,0.616898148148148,0.0251392457768675,1,"before",40,0.384763830039442,0.378451906588502,0.039475727805962,2.35226336263957,2.28953613496618,0.274100858841919,-0.194822965018485,-0.22405790749448,0.113941749935342,0.204624522676402,0.0115472174293134,0.0129653459403403,0.0795013771113323,0.0641060381522504,0.616724537037037,0.616898148148148,0.0251392457768675,1,"after",0,0,0
"h2_r1_c3__hrf_lag2_widen1p5__ar_iid__isi_sparse__amp_high","fmrilss_sbhm",40,0.362150039037764,0.360744061652122,0.0483225570710704,2.44325906248641,2.40101580541629,0.375816053864503,-0.241136707477457,-0.264924923158173,0.12751204431406,0.241565286876061,-0.0105852885889013,-0.00464196081248074,0.091034134886924,0.0756762426732065,0.602199074074074,0.604166666666667,0.0223973075548322,1,"before",40,0.329219988041442,0.326895549347013,0.0432405495516621,2.61940043471067,2.55511080424963,0.487713122454814,-0.332247196742605,-0.326383771809355,0.116683881826156,0.332247196742605,-0.0110761954122331,-0.0256764846271132,0.106949384397433,0.0862361873378385,0.598611111111111,0.603009259259259,0.0256205732507632,1,"after",-0.032930050996322,0.17614137222426,-0.00358796296296304
"h2_r1_c2__hrf_lag2_widen1p5__ar_iid__isi_mid__amp_mod","fmrilss_lss",40,0.309458233127847,0.31046062603313,0.042083170493185,2.52637364398133,2.50404147625044,0.253867501140974,-0.210076161975242,-0.238181844577145,0.176080525729627,0.241211710232229,-0.00633954209921741,-0.0058224234769219,0.0592849608887784,0.0454277109945206,0.601157407407407,0.599537037037037,0.0208313547651791,1,"before",40,0.309458233127847,0.31046062603313,0.042083170493185,2.52637364398133,2.50404147625044,0.253867501140974,-0.210076161975242,-0.238181844577145,0.176080525729627,0.241211710232229,-0.00633954209921741,-0.0058224234769219,0.0592849608887784,0.0454277109945206,0.601157407407407,0.599537037037037,0.0208313547651791,1,"after",0,0,0
"h2_r1_c2__hrf_lag2_widen1p5__ar_iid__isi_mid__amp_mod","st_default",40,0.307143682607974,0.300276204056247,0.0462597910022591,1.02845920203112,1.02497737485706,0.0559936111638484,-0.944297643244499,-0.949972644046594,0.0278797690169146,0.944297643244499,-0.00332588296568622,0.00315088232583207,0.0308646207322174,0.0211363716233756,0.608506944444444,0.613425925925926,0.0233266355901823,1,"before",40,0.307143682607974,0.300276204056247,0.0462597910022591,1.02845920203112,1.02497737485706,0.0559936111638484,-0.944297643244499,-0.949972644046594,0.0278797690169146,0.944297643244499,-0.00332588296568622,0.00315088232583207,0.0308646207322174,0.0211363716233756,0.608506944444444,0.613425925925926,0.0233266355901823,1,"after",0,0,0
"h2_r1_c2__hrf_lag2_widen1p5__ar_iid__isi_mid__amp_mod","fmrilss_sbhm",40,0.289836266457497,0.291198769767599,0.0501355087762761,2.65942614289494,2.58391889458193,0.391364970804884,-0.245158590003333,-0.256932563497253,0.192865319509629,0.27880893361381,-0.00145879806339428,-0.00754955239675699,0.0715718550262821,0.0532667264821248,0.599768518518519,0.600694444444444,0.0265683200205646,1,"before",40,0.27821375712435,0.283145929856162,0.0539122827356406,2.63267894030385,2.59781151473704,0.335356733252016,-0.291032356027948,-0.280089605637877,0.173438134945584,0.306986335170854,0.0137826133437295,0.0204887600814877,0.0749554334648524,0.0595578962730791,0.592303240740741,0.590277777777778,0.023596020422837,1,"after",-0.011622509333147,-0.02674720259109,-0.00746527777777795
"h2_r1_c2__hrf_lag2_widen1p5__ar_iid__isi_mid__amp_mod","fmrilss_oasis_best",40,0.177718286026838,0.180853719141565,0.0539672245513624,2.68446484486533,2.67105106033318,0.21120035302254,-0.543044210583603,-0.562834545769782,0.150676336774961,0.543044210583603,-0.00516438724270791,-0.014299169634614,0.061394352289893,0.0487692690889483,0.55787037037037,0.560185185185185,0.0205243789649841,1,"before",40,0.310034308619482,0.311010404167139,0.0420540124382206,2.39491212146133,2.36692929583225,0.255780076103433,-0.251550700624344,-0.283912651346011,0.173066445310523,0.278244202984276,-0.00442315912224715,-0.00828792110209275,0.0615869269633838,0.0487409742128674,0.602719907407407,0.601851851851852,0.021394183221577,1,"after",0.132316022592644,-0.289552723404,0.044849537037037
"h2_r1_c1__hrf_lag2_widen1p5__ar_iid__isi_dense__amp_none","fmrilss_sbhm",40,0.261153310929231,0.255898631663628,0.0460262458634317,2.66188119679623,2.62872455106701,0.288864190584284,-0.257935654069738,-0.265915072265141,0.187597629800507,0.288835220443199,0.00153434394527156,0.0158664990023252,0.071591194101541,0.0561267978412636,0.590335648148148,0.590277777777778,0.0241160847512335,1,"before",40,0.252656308869596,0.246051513802349,0.048726236775397,2.55992854007452,2.55937161145832,0.296618072451015,-0.299626584062087,-0.305698448205955,0.181078040203479,0.306193695161843,0.00315208476438689,0.000775243720550042,0.0688429327202019,0.0531848421123967,0.590104166666667,0.59375,0.0308139466578558,1,"after",-0.008497002059635,-0.10195265672171,-0.000231481481481
"h2_r1_c1__hrf_lag2_widen1p5__ar_iid__isi_dense__amp_none","fmrilss_lss",40,0.252041286816618,0.246028409943863,0.0420100165641517,2.73643749680102,2.68764373959676,0.279148704582751,-0.251261029735366,-0.29548788552033,0.17984016176846,0.277686964753003,0.00458096424677324,0.0125439569033737,0.0575578038984014,0.0490163215247824,0.589872685185185,0.586805555555556,0.0231652803410517,1,"before",40,0.252041286816618,0.246028409943863,0.0420100165641517,2.73643749680102,2.68764373959676,0.279148704582751,-0.251261029735366,-0.29548788552033,0.17984016176846,0.277686964753003,0.00458096424677324,0.0125439569033737,0.0575578038984014,0.0490163215247824,0.589872685185185,0.586805555555556,0.0231652803410517,1,"after",0,0,0
"h2_r1_c1__hrf_lag2_widen1p5__ar_iid__isi_dense__amp_none","st_default",40,0.247911432483833,0.241961515650323,0.0451711132549258,0.975706666157002,0.976342481159013,0.0371635412702649,-0.95597577136886,-0.963836422606256,0.0287211004321667,0.95597577136886,0.000527508696654075,0.00832775867103697,0.0423177036060064,0.0267869281688846,0.605960648148148,0.607638888888889,0.0232103124217143,1,"before",40,0.247911432483833,0.241961515650323,0.0451711132549258,0.975706666157002,0.976342481159013,0.0371635412702649,-0.95597577136886,-0.963836422606256,0.0287211004321667,0.95597577136886,0.000527508696654075,0.00832775867103697,0.0423177036060064,0.0267869281688846,0.605960648148148,0.607638888888889,0.0232103124217143,1,"after",0,0,0
"h2_r1_c1__hrf_lag2_widen1p5__ar_iid__isi_dense__amp_none","fmrilss_oasis_best",40,0.134619727067843,0.138866588835412,0.0437064901300745,2.97377836612614,2.9647351299217,0.252055050110149,-0.584597960035374,-0.57161504496439,0.135053865090574,0.584597960035374,0.0108237022232327,0.00889295296763787,0.0564100550497231,0.0445434974014829,0.547280092592593,0.548611111111111,0.0212278482933601,1,"before",40,0.252707111523273,0.246860795669471,0.0419538535564306,2.57695999369374,2.5361816985056,0.267603742417902,-0.295202706428563,-0.324678461808529,0.169234089562689,0.3120735603989,0.00543013230826238,0.00742626320904405,0.0707220704460003,0.0575168961363109,0.590162037037037,0.586805555555556,0.0230467270098409,1,"after",0.11808738445543,-0.3968183724324,0.0428819444444439
"h1_r3_c3__hrf_nominal__ar_high__isi_sparse__amp_mod","st_default",40,0.368931428267798,0.365678986324614,0.0456054314561379,1.02232674770145,1.02602919892194,0.0583819234828276,-0.940490995300486,-0.944246227871144,0.0163827129733478,0.940490995300486,-0.00053456021478231,0.000733558867642426,0.0140272613528999,0.0104767455006165,0.620138888888889,0.619212962962963,0.0250347091192863,1,"before",40,0.368931428267798,0.365678986324614,0.0456054314561379,1.02232674770145,1.02602919892194,0.0583819234828276,-0.940490995300486,-0.944246227871144,0.0163827129733478,0.940490995300486,-0.00053456021478231,0.000733558867642426,0.0140272613528999,0.0104767455006165,0.620138888888889,0.619212962962963,0.0250347091192863,1,"after",0,0,0
"h1_r3_c3__hrf_nominal__ar_high__isi_sparse__amp_mod","fmrilss_oasis_best",40,0.335633617372929,0.334538157583626,0.0495783662923907,2.77760770810337,2.75973375326775,0.255197246522521,-0.070696271593419,-0.111035421715294,0.18398736106518,0.170184651508406,-0.0044018179456939,0.00151398605541698,0.0916018669590341,0.0664014584093947,0.610185185185185,0.606481481481482,0.0236112274916596,1,"before",40,0.335633617372929,0.334538157583626,0.0495783662923907,2.77760770810337,2.75973375326775,0.255197246522521,-0.070696271593419,-0.111035421715294,0.18398736106518,0.170184651508406,-0.0044018179456939,0.00151398605541698,0.0916018669590341,0.0664014584093947,0.610185185185185,0.606481481481482,0.0236112274916596,1,"after",0,0,0
"h1_r3_c3__hrf_nominal__ar_high__isi_sparse__amp_mod","fmrilss_lss",40,0.334365314099532,0.332796375813832,0.049588272193903,2.95914477289931,2.93953739227123,0.284834846349085,-0.014619011461605,-0.0519016419515202,0.197809961912436,0.164426400623315,-0.00471490519521333,0.000399833822314454,0.0978003959012351,0.0710662860450436,0.609722222222222,0.604166666666667,0.0244629002388102,1,"before",40,0.334365314099532,0.332796375813832,0.049588272193903,2.95914477289931,2.93953739227123,0.284834846349085,-0.014619011461605,-0.0519016419515202,0.197809961912436,0.164426400623315,-0.00471490519521333,0.000399833822314454,0.0978003959012351,0.0710662860450436,0.609722222222222,0.604166666666667,0.0244629002388102,1,"after",0,0,0
"h1_r3_c3__hrf_nominal__ar_high__isi_sparse__amp_mod","fmrilss_sbhm",40,0.165152327951321,0.153149467132186,0.0637999473208351,3.23608940860043,3.19581785458367,0.365601687619518,-0.469871988523589,-0.513400382797187,0.231245274163662,0.473858600466703,0.0127826041636998,0.00848405469005128,0.11522572869509,0.0825214847987664,0.555034722222222,0.553240740740741,0.0257579578497759,1,"before",40,0.175391212106046,0.170372460721062,0.0665748680691095,3.50448856865676,3.27073727012154,0.68343714204308,-0.444671168145772,-0.477076507111236,0.242488918760769,0.455007485180193,0.0217801858873657,0.00675230034791141,0.126006593738708,0.0952804238956931,0.557638888888889,0.555555555555556,0.02873948540204,1,"after",0.010238884154725,0.26839916005633,0.00260416666666696
"h1_r3_c2__hrf_nominal__ar_high__isi_mid__amp_none","st_default",40,0.359004748136781,0.363187276946591,0.0388836560100854,0.936745114803168,0.936783145327105,0.0331440115358952,-0.835923355531677,-0.837718876720308,0.0219794488978337,0.835923355531677,0.000363954409851821,0.00217234783219002,0.0316204270364502,0.0241720278372547,0.624710648148148,0.621527777777778,0.0221483239024604,1,"before",40,0.359004748136781,0.363187276946591,0.0388836560100854,0.936745114803168,0.936783145327105,0.0331440115358952,-0.835923355531677,-0.837718876720308,0.0219794488978337,0.835923355531677,0.000363954409851821,0.00217234783219002,0.0316204270364502,0.0241720278372547,0.624710648148148,0.621527777777778,0.0221483239024604,1,"after",0,0,0
"h1_r3_c2__hrf_nominal__ar_high__isi_mid__amp_none","fmrilss_lss",40,0.33357976720537,0.335618530257017,0.0408085399326395,2.69877413305665,2.67515518820234,0.198130871076278,-0.0244734086245609,-0.0248413237952794,0.145312916957957,0.12025753532195,0.00115504764823558,-0.00777570158298544,0.0586978109940927,0.0465151353080202,0.614236111111111,0.615740740740741,0.0218130535657738,1,"before",40,0.33357976720537,0.335618530257017,0.0408085399326395,2.69877413305665,2.67515518820234,0.198130871076278,-0.0244734086245609,-0.0248413237952794,0.145312916957957,0.12025753532195,0.00115504764823558,-0.00777570158298544,0.0586978109940927,0.0465151353080202,0.614236111111111,0.615740740740741,0.0218130535657738,1,"after",0,0,0
"h1_r3_c2__hrf_nominal__ar_high__isi_mid__amp_none","fmrilss_oasis_best",40,0.249083762061559,0.251770049904235,0.0414948542445029,2.96070207821933,2.95012313303302,0.180022778041926,-0.21898307688217,-0.22476897196408,0.143448138656964,0.226236108123955,0.00280315997133313,0.000482464717127572,0.058302973144519,0.0446080198627219,0.586979166666667,0.587962962962963,0.0211305400289358,1,"before",40,0.333871302918024,0.335903905660846,0.0407856365684693,2.57535339189763,2.56629044882886,0.183466944819967,-0.0696939938233589,-0.0748946949925947,0.133034760316591,0.123193654575738,0.00179410334496883,-0.010162847392985,0.0617842403750688,0.0487329669866662,0.614525462962963,0.613425925925926,0.0219539259242004,1,"after",0.084787540856465,-0.3853486863217,0.0275462962962959
"h1_r3_c2__hrf_nominal__ar_high__isi_mid__amp_none","fmrilss_sbhm",40,0.163566849827737,0.163475199853785,0.0483982126164813,3.06515097046519,2.93821902808136,0.463229157645901,-0.479932906027892,-0.509316402813024,0.158945157430288,0.479932906027892,0.0195533051204879,0.0243337968787692,0.0904816044359878,0.0726194833392545,0.561168981481482,0.559027777777778,0.0204364129228762,1,"before",40,0.177949205198061,0.177512797617803,0.0564141824228878,3.52327644840141,3.47063572223708,0.71410062413939,-0.420976230355326,-0.471788203202457,0.253600114494777,0.444248306948567,0.00769369059830041,0.000187054537959738,0.111250952411168,0.0910539749744449,0.564641203703704,0.563657407407407,0.0249939951592148,1,"after",0.014382355370324,0.45812547793622,0.00347222222222199
"h1_r3_c1__hrf_nominal__ar_high__isi_dense__amp_high","st_default",40,0.35207511624248,0.364439024945644,0.0833180922983262,1.18279167021247,1.17412537626674,0.101812331564422,-0.931991722414472,-0.935146694092557,0.0320723092504251,0.931991722414472,-0.00371437802054238,-0.00158145883632461,0.0286059364728895,0.0202424174805331,0.574131944444444,0.599537037037037,0.127708090138924,1,"before",40,0.35207511624248,0.364439024945644,0.0833180922983262,1.18279167021247,1.17412537626674,0.101812331564422,-0.931991722414472,-0.935146694092557,0.0320723092504251,0.931991722414472,-0.00371437802054238,-0.00158145883632461,0.0286059364728895,0.0202424174805331,0.574131944444444,0.599537037037037,0.127708090138924,1,"after",0,0,0
"h1_r3_c1__hrf_nominal__ar_high__isi_dense__amp_high","fmrilss_lss",40,0.32584942421768,0.323919164209111,0.0402501342141495,3.56046289951413,3.61329738138917,0.445877227228914,0.0251697799365793,0.0240049204853442,0.19285407734187,0.159374078766171,0.0125906894575895,0.0217502544352911,0.0648536852486834,0.0534060072492273,0.588136574074074,0.585648148148148,0.0216158789368702,1,"before",40,0.32584942421768,0.323919164209111,0.0402501342141495,3.56046289951413,3.61329738138917,0.445877227228914,0.0251697799365793,0.0240049204853442,0.19285407734187,0.159374078766171,0.0125906894575895,0.0217502544352911,0.0648536852486834,0.0534060072492273,0.588136574074074,0.585648148148148,0.0216158789368702,1,"after",0,0,0
"h1_r3_c1__hrf_nominal__ar_high__isi_dense__amp_high","fmrilss_oasis_best",40,0.206208368105589,0.213152048956179,0.0492364844739889,4.16080450549125,4.19567043286676,0.407010213354316,-0.267356650586655,-0.251525264897068,0.193999124760576,0.272916768053985,0.00181064003433975,-0.00743333008920776,0.0593592534793899,0.0471518805353717,0.554050925925926,0.559027777777778,0.0247795825596122,1,"before",40,0.326249354294378,0.32429986623832,0.0402229624691489,3.40760392762656,3.41804907901666,0.43927683665013,-0.0186869894900793,-0.0109403033537097,0.186043100559633,0.152770802584053,0.00841569520604573,0.0183177294638515,0.062064946571881,0.0510634932018259,0.587789351851852,0.587962962962963,0.0214307575179684,1,"after",0.120040986188789,-0.75320057786469,0.033738425925926
"h1_r3_c1__hrf_nominal__ar_high__isi_dense__amp_high","fmrilss_sbhm",40,0.188538229253582,0.188138800971245,0.056757955578967,3.72575657969102,3.64872650384218,0.482498838276244,-0.381350514437606,-0.432210661863979,0.235630404739473,0.397150004549323,0.0119473941892454,0.00830954532292767,0.0843264934817766,0.0674366502805641,0.552083333333333,0.546296296296296,0.0239474994544009,1,"before",40,0.209003485092799,0.208402210146926,0.0636705690362191,3.56420462999809,3.51421230787769,0.503168167799874,-0.355313440877695,-0.390131051130333,0.225197017314347,0.387998832122827,-0.0076396524557366,-0.0204165158801797,0.0915806961246679,0.0750848342993583,0.557118055555556,0.55787037037037,0.0282067010107944,1,"after",0.020465255839217,-0.16155194969293,0.00503472222222301
"h1_r2_c3__hrf_nominal__ar_mod__isi_sparse__amp_none","st_default",40,0.396559613626007,0.393532328636986,0.0395333291999948,0.927807773754512,0.928553552780227,0.0353079371062067,-0.772510743115717,-0.772182828812863,0.0286124597555111,0.772510743115717,-0.000849149594631123,0.00395248836806954,0.0351562377234361,0.0270813755068012,0.638541666666667,0.636574074074074,0.0231869925741801,1,"before",40,0.396559613626007,0.393532328636986,0.0395333291999948,0.927807773754512,0.928553552780227,0.0353079371062067,-0.772510743115717,-0.772182828812863,0.0286124597555111,0.772510743115717,-0.000849149594631123,0.00395248836806954,0.0351562377234361,0.0270813755068012,0.638541666666667,0.636574074074074,0.0231869925741801,1,"after",0,0,0
"h1_r2_c3__hrf_nominal__ar_mod__isi_sparse__amp_none","fmrilss_lss",40,0.381372834959586,0.382309418965266,0.038179655223519,2.33435637916647,2.33065564524604,0.126735435702256,-0.0102649518862945,-0.011393133237855,0.130110931037556,0.10315683853492,0.0142446359112903,0.0181428679033038,0.0497273913099779,0.0419375807443922,0.629918981481482,0.631944444444444,0.0231433251148323,1,"before",40,0.381372834959586,0.382309418965266,0.038179655223519,2.33435637916647,2.33065564524604,0.126735435702256,-0.0102649518862945,-0.011393133237855,0.130110931037556,0.10315683853492,0.0142446359112903,0.0181428679033038,0.0497273913099779,0.0419375807443922,0.629918981481482,0.631944444444444,0.0231433251148323,1,"after",0,0,0
"h1_r2_c3__hrf_nominal__ar_mod__isi_sparse__amp_none","fmrilss_oasis_best",40,0.267325414167401,0.268936618005908,0.0440968894147213,2.69634106470626,2.69917273717586,0.138761866411034,-0.23418294587726,-0.24462500786072,0.153588195994628,0.243978344230412,0.00184072547479636,0.000475383241379713,0.0492444761595609,0.0407558285195827,0.594386574074074,0.594907407407407,0.0241729895661041,1,"before",40,0.381698672425771,0.382463565105448,0.0381787642114996,2.22775884201972,2.204966560896,0.120301008394042,-0.0558398130853634,-0.0519993801008294,0.11941971178461,0.1054631267709,0.0149467534932475,0.0174195438450622,0.0498660563713137,0.0423139687749559,0.631018518518519,0.631944444444444,0.0227940630022283,1,"after",0.11437325825837,-0.46858222268654,0.036631944444445
"h1_r2_c3__hrf_nominal__ar_mod__isi_sparse__amp_none","fmrilss_sbhm",40,0.225195117045401,0.233333776827286,0.05592857584759,2.55702422790075,2.53599895141765,0.298912401690581,-0.380488335427359,-0.36095154000672,0.164305641474016,0.383681456153406,0.0240412532844274,0.0233397383716289,0.0692208508685692,0.0576918758160698,0.579224537037037,0.581018518518518,0.0230856676958141,1,"before",40,0.222439608911222,0.225256755357394,0.0654446130522473,2.82619639080911,2.79506557573892,0.57174062189707,-0.38936115055997,-0.395208709379135,0.246607499326396,0.406095477867251,0.0380570640591282,0.0284857168378551,0.115365342825334,0.0902003647941696,0.576041666666667,0.576388888888889,0.0295491603011521,1,"after",-0.00275550813417899,0.26917216290836,-0.00318287037037002
"h1_r2_c2__hrf_nominal__ar_mod__isi_mid__amp_high","st_default",40,0.407590777569785,0.419027199160492,0.0433041433490327,1.15718093333012,1.15722022246708,0.10685750689319,-0.902507797133456,-0.936408660070792,0.0607004842319339,0.902507797133456,-0.00101709502762509,0.00516199392183577,0.0349445548746726,0.0226800218422782,0.613657407407407,0.612268518518519,0.0229023032390041,1,"before",40,0.407590777569785,0.419027199160492,0.0433041433490327,1.15718093333012,1.15722022246708,0.10685750689319,-0.902507797133456,-0.936408660070792,0.0607004842319339,0.902507797133456,-0.00101709502762509,0.00516199392183577,0.0349445548746726,0.0226800218422782,0.613657407407407,0.612268518518519,0.0229023032390041,1,"after",0,0,0
"h1_r2_c2__hrf_nominal__ar_mod__isi_mid__amp_high","fmrilss_lss",40,0.37530701400192,0.379836408259086,0.033123013119661,2.99509079451306,2.94966864060852,0.32729920575412,0.0117808444959173,-0.00742989591816165,0.156292456149195,0.121673460952848,0.00621968079848683,0.0110598642665535,0.0629394893044077,0.0497814248371127,0.605844907407407,0.604166666666667,0.0249807986785575,1,"before",40,0.37530701400192,0.379836408259086,0.033123013119661,2.99509079451306,2.94966864060852,0.32729920575412,0.0117808444959173,-0.00742989591816165,0.156292456149195,0.121673460952848,0.00621968079848683,0.0110598642665535,0.0629394893044077,0.0497814248371127,0.605844907407407,0.604166666666667,0.0249807986785575,1,"after",0,0,0
"h1_r2_c2__hrf_nominal__ar_mod__isi_mid__amp_high","fmrilss_oasis_best",40,0.264747166099806,0.256845391799662,0.055693061129869,3.13925282417351,3.16721651780512,0.243302443050216,-0.281258969878985,-0.278386272365891,0.152483555766831,0.283041683878517,0.010272073748877,0.0178973704989017,0.0463202568942374,0.0396862094291737,0.569212962962963,0.56712962962963,0.0214462186421111,1,"before",40,0.375868071261311,0.380312731307006,0.0330622788436144,2.83454618875722,2.79985678305414,0.305220043668432,-0.0414167027949145,-0.0565216357878211,0.144557958549159,0.11916707712675,0.006769264519803,0.0113090467810186,0.0618657052212066,0.0492820570538477,0.606597222222222,0.605324074074074,0.0247374073498936,1,"after",0.111120905161505,-0.30470663541629,0.037384259259259
"h1_r2_c2__hrf_nominal__ar_mod__isi_mid__amp_high","fmrilss_sbhm",40,0.233349989756815,0.225673149086208,0.0593685543971415,3.16797197669072,3.04043233849701,0.41263300475752,-0.35094840159589,-0.385133678016611,0.188042570660695,0.354456049633863,0.00288135413793592,0.00876527825815979,0.0681203182152429,0.0544539702486214,0.568229166666667,0.5625,0.0275990784704323,1,"before",40,0.240523363223002,0.233187964677887,0.0610292298708882,3.15115824759828,3.05211629749609,0.508877807926876,-0.364946266783387,-0.359195800214304,0.195465687890933,0.370167373361172,0.0157199026159842,0.0101972062645173,0.0865076205445106,0.0684919435759708,0.569270833333333,0.559027777777778,0.0313707285083622,1,"after",0.00717337346618699,-0.0168137290924402,0.00104166666666594
"h1_r2_c1__hrf_nominal__ar_mod__isi_dense__amp_mod","st_default",40,0.346038736537727,0.340355183521295,0.0419969892284899,1.01872183606106,1.02414808334169,0.0551022766831118,-0.939935765687346,-0.949553331554211,0.0295141798692429,0.939935765687346,-0.00144679108002132,0.00180373069413606,0.0277534666636088,0.0176229334160992,0.616898148148148,0.615740740740741,0.0224857749146279,1,"before",40,0.346038736537727,0.340355183521295,0.0419969892284899,1.01872183606106,1.02414808334169,0.0551022766831118,-0.939935765687346,-0.949553331554211,0.0295141798692429,0.939935765687346,-0.00144679108002132,0.00180373069413606,0.0277534666636088,0.0176229334160992,0.616898148148148,0.615740740740741,0.0224857749146279,1,"after",0,0,0
"h1_r2_c1__hrf_nominal__ar_mod__isi_dense__amp_mod","fmrilss_lss",40,0.329188221019658,0.322915939554285,0.0418858893386052,2.99499613063358,3.03054563886911,0.345234823950177,0.00381395868782043,-0.0231335094516662,0.198397856446309,0.159390426761006,0.0121015489000509,0.0148970954596162,0.0489842471895392,0.0383732613079013,0.606712962962963,0.606481481481482,0.020117352939087,1,"before",40,0.329188221019658,0.322915939554285,0.0418858893386052,2.99499613063358,3.03054563886911,0.345234823950177,0.00381395868782043,-0.0231335094516662,0.198397856446309,0.159390426761006,0.0121015489000509,0.0148970954596162,0.0489842471895392,0.0383732613079013,0.606712962962963,0.606481481481482,0.020117352939087,1,"after",0,0,0
"h1_r2_c1__hrf_nominal__ar_mod__isi_dense__amp_mod","fmrilss_oasis_best",40,0.21015773843069,0.206251218082666,0.0447006819828479,3.53583766301519,3.54120344148318,0.277121955734299,-0.270531991470744,-0.262294757877597,0.16129558839527,0.277141947019194,0.00608201886843963,0.00064897805520905,0.0452086259249458,0.0364787311361371,0.559027777777778,0.55787037037037,0.0224735510621808,1,"before",40,0.329808892126568,0.32364851332626,0.0418024099200657,2.82087641666818,2.84169177446047,0.328882835124731,-0.0532051749981225,-0.0866594074617538,0.18844214169659,0.163314381930897,0.0121162428418725,0.0165791477538508,0.052461248180781,0.0429390765420314,0.606539351851852,0.606481481481482,0.0207075679243499,1,"after",0.119651153695878,-0.71496124634701,0.047511574074074
"h1_r2_c1__hrf_nominal__ar_mod__isi_dense__amp_mod","fmrilss_sbhm",40,0.180958900449924,0.185021555103223,0.0539221373454488,3.11300079028479,3.1167904379081,0.36472821043266,-0.419328288385411,-0.439158624783884,0.211916698267904,0.438858680500635,0.0137283302900252,0.0162709580429694,0.0770191638217352,0.0634801307398478,0.563310185185185,0.5625,0.0232993046724629,1,"before",40,0.227263755606804,0.224573932368785,0.051892163244741,2.90283007340954,2.86184353032502,0.325201787167521,-0.343489374398678,-0.321232810359514,0.187220034072319,0.358359774187281,0.00807559230243148,-0.00481001378005925,0.0652720128943734,0.0523642135650612,0.578587962962963,0.576388888888889,0.0246595273520509,1,"after",0.04630485515688,-0.21017071687525,0.0152777777777779
"h1_r1_c3__hrf_nominal__ar_iid__isi_sparse__amp_high","st_default",40,0.528066955878934,0.516589586300947,0.055736856649963,1.02779151831007,1.03152189686221,0.0805674887427905,-0.698311553634608,-0.699715434043285,0.0367766308829225,0.698311553634608,0.00495457794660337,0.0092305562314476,0.0382129433389334,0.0294758920448899,0.644791666666667,0.641203703703704,0.0277626878132709,1,"before",40,0.528066955878934,0.516589586300947,0.055736856649963,1.02779151831007,1.03152189686221,0.0805674887427905,-0.698311553634608,-0.699715434043285,0.0367766308829225,0.698311553634608,0.00495457794660337,0.0092305562314476,0.0382129433389334,0.0294758920448899,0.644791666666667,0.641203703703704,0.0277626878132709,1,"after",0,0,0
"h1_r1_c3__hrf_nominal__ar_iid__isi_sparse__amp_high","fmrilss_oasis_best",40,0.473067594340289,0.471858243967338,0.035773708061469,2.16094206968216,2.18849665410008,0.1970074202196,-0.0340952050970627,-0.0307585260649533,0.119845100050129,0.0933625453259248,0.00401090912427382,-0.00226081363200399,0.0484867105704666,0.038831781581384,0.628125,0.623842592592593,0.0241676604315511,1,"before",40,0.473067594340289,0.471858243967338,0.035773708061469,2.16094206968216,2.18849665410008,0.1970074202196,-0.0340952050970627,-0.0307585260649533,0.119845100050129,0.0933625453259248,0.00401090912427382,-0.00226081363200399,0.0484867105704666,0.038831781581384,0.628125,0.623842592592593,0.0241676604315511,1,"after",0,0,0
"h1_r1_c3__hrf_nominal__ar_iid__isi_sparse__amp_high","fmrilss_lss",40,0.47235925267779,0.471193186761604,0.0357061002142094,2.28315484887805,2.30220632880007,0.211382383750329,0.018620226391621,0.0245142957645004,0.126333558498621,0.0951270331741865,0.00261992689724314,-0.00481475390942289,0.0511784689703259,0.0406867172586014,0.627719907407407,0.625,0.0233895737551983,1,"before",40,0.47235925267779,0.471193186761604,0.0357061002142094,2.28315484887805,2.30220632880007,0.211382383750329,0.018620226391621,0.0245142957645004,0.126333558498621,0.0951270331741865,0.00261992689724314,-0.00481475390942289,0.0511784689703259,0.0406867172586014,0.627719907407407,0.625,0.0233895737551983,1,"after",0,0,0
"h1_r1_c3__hrf_nominal__ar_iid__isi_sparse__amp_high","fmrilss_sbhm",40,0.296918211953995,0.292128876529692,0.0684339506123645,2.53244506815603,2.55818981119289,0.379298461679539,-0.348624879528077,-0.374217272098205,0.169057776935181,0.349231651822898,-0.0134813968291262,0.00280268793290512,0.0768656458297124,0.0514630232038682,0.584201388888889,0.584490740740741,0.0283635970392886,1,"before",40,0.293617315049211,0.303790344461005,0.0667390668683171,2.90998718216946,2.78324274194812,0.715781753855176,-0.35122389279011,-0.370405280732545,0.227392178358702,0.360347548533555,0.00930866505242327,0.000303953475172485,0.0989671357809893,0.0783589974183071,0.582175925925926,0.586805555555556,0.0215943367015709,1,"after",-0.00330089690478397,0.37754211401343,-0.00202546296296291
"h1_r1_c2__hrf_nominal__ar_iid__isi_mid__amp_mod","st_default",40,0.409148638991166,0.406605322073768,0.0427540650896639,1.00917456266078,1.0167387233608,0.059748863636683,-0.92644408286317,-0.946339307784797,0.0510307030748214,0.92644408286317,-0.00084305079583931,0.00434305198937884,0.0261539061958674,0.0152257976691109,0.633159722222222,0.62962962962963,0.0246597362877156,1,"before",40,0.409148638991166,0.406605322073768,0.0427540650896639,1.00917456266078,1.0167387233608,0.059748863636683,-0.92644408286317,-0.946339307784797,0.0510307030748214,0.92644408286317,-0.00084305079583931,0.00434305198937884,0.0261539061958674,0.0152257976691109,0.633159722222222,0.62962962962963,0.0246597362877156,1,"after",0,0,0
"h1_r1_c2__hrf_nominal__ar_iid__isi_mid__amp_mod","fmrilss_lss",40,0.382541211629268,0.381029522147108,0.037758275640833,2.56641182601235,2.52358807933781,0.290990236816109,0.0154678818912648,-0.0212125087089519,0.215239140985312,0.150817103079816,0.00253888481503697,0.00881001946988771,0.0430837446328483,0.0335240412041352,0.62349537037037,0.622685185185185,0.0225379571306859,1,"before",40,0.382541211629268,0.381029522147108,0.037758275640833,2.56641182601235,2.52358807933781,0.290990236816109,0.0154678818912648,-0.0212125087089519,0.215239140985312,0.150817103079816,0.00253888481503697,0.00881001946988771,0.0430837446328483,0.0335240412041352,0.62349537037037,0.622685185185185,0.0225379571306859,1,"after",0,0,0
"h1_r1_c2__hrf_nominal__ar_iid__isi_mid__amp_mod","fmrilss_oasis_best",40,0.293015713353166,0.314480292791532,0.0537150364693732,2.6379115183972,2.61698348115615,0.225781898608353,-0.224046326854572,-0.206932600790429,0.166669595918016,0.236865894420878,0.00631970082041395,0.0151720609243942,0.0389869501696159,0.0321620152445112,0.593865740740741,0.596064814814815,0.0236062808123598,1,"before",40,0.383124832280617,0.381774184995661,0.037769190691274,2.41774070633226,2.37515203065888,0.267418114935081,-0.0425748518318857,-0.0721729202367502,0.200181761397215,0.15934802697848,0.00472501738411554,0.0101478842463484,0.0455259324332282,0.0362583286817276,0.624131944444444,0.622685185185185,0.0232174147659403,1,"after",0.090109118927451,-0.22017081206494,0.0302662037037029
"h1_r1_c2__hrf_nominal__ar_iid__isi_mid__amp_mod","fmrilss_sbhm",40,0.225823842616363,0.231580229076177,0.0510685427316281,2.66743820128811,2.53922060471448,0.334043801196703,-0.377274531226152,-0.397486200769028,0.191277179670522,0.389294010774069,0.00584001071348085,0.0042640152985957,0.0536133994615532,0.0430520748216294,0.575578703703704,0.576388888888889,0.0269470081802805,1,"before",40,0.239467360029874,0.240806707224009,0.0371100813619895,2.54147672995344,2.48469675192713,0.281889133352741,-0.392140713937527,-0.394379437661096,0.145574520714893,0.392140713937527,0.00203895177787649,0.00760003619810089,0.0573028056707089,0.0460490920565937,0.583217592592593,0.584490740740741,0.0219098389393473,1,"after",0.013643517413511,-0.12596147133467,0.00763888888888897
"h1_r1_c1__hrf_nominal__ar_iid__isi_dense__amp_none","st_default",40,0.355633332804562,0.356309992839857,0.0327059412042298,0.953483216217039,0.950142803142543,0.0401193898102986,-0.941640252967276,-0.954563312201586,0.0386101353526154,0.941640252967276,0.00300357830179483,0.00651455406681906,0.0288342867102527,0.0171246908923924,0.628645833333333,0.62962962962963,0.0225400144765435,1,"before",40,0.363294827328317,0.360640352658147,0.0364284765137096,0.953094492440387,0.949974575300925,0.0412688370557065,-0.941716684238299,-0.952728943815061,0.0397299102820297,0.941716684238299,0.00275368039342013,0.0063787510911466,0.0282288056057516,0.0165611807412436,0.630266203703704,0.627314814814815,0.020308950696121,1,"after",0.00766149452375503,-0.000388723776652,0.00162037037037099
"h1_r1_c1__hrf_nominal__ar_iid__isi_dense__amp_none","fmrilss_lss",40,0.341858936329508,0.34076321636049,0.0333217261315693,2.57592412178939,2.59013365667554,0.258637743734114,-0.0351234201357168,-0.0459845716565028,0.173062742897575,0.131329979386141,0.018658596582053,0.0128924044011384,0.0515522311896956,0.042229586901037,0.615856481481482,0.614583333333333,0.0210658257691308,1,"before",40,0.349022175898847,0.345139469210784,0.0357858172876157,2.50555734970955,2.49045386758064,0.25828171772273,-0.0424580795059452,-0.0715009187892155,0.190097813372021,0.150346643517517,0.0139040517053118,0.00949879868973978,0.0511685946322843,0.0403430874350809,0.621238425925926,0.62037037037037,0.0207420410609805,1,"after",0.00716323956933901,-0.07036677207984,0.00538194444444406
"h1_r1_c1__hrf_nominal__ar_iid__isi_dense__amp_none","fmrilss_oasis_best",40,0.209027040963417,0.202661424873651,0.0444545071131022,2.98722486716271,2.96485377676576,0.243268740184185,-0.343012058760653,-0.327905675810289,0.143010044316931,0.343012058760653,0.0181318351164984,0.0127489074844989,0.0440117934687833,0.03806660019647,0.574305555555556,0.576388888888889,0.0220401990437395,1,"before",40,0.349482494869129,0.345450697461859,0.0357209498958085,2.35808781500147,2.34102668325001,0.241348801304493,-0.0986377972686454,-0.121650894213138,0.177896651744831,0.163951021331946,0.0186008196643889,0.0074290626405195,0.0558548319606809,0.0436827020283915,0.622395833333333,0.62037037037037,0.0207188442989322,1,"after",0.140455453905712,-0.62913705216124,0.0480902777777771
"h1_r1_c1__hrf_nominal__ar_iid__isi_dense__amp_none","fmrilss_sbhm",40,0.200246190974748,0.203881231275683,0.0571305103029928,2.64146442294473,2.62261602501575,0.285112378280761,-0.417813194486317,-0.448115478865236,0.19648348920201,0.426446150974547,0.0169652208193638,0.021525384038645,0.0696616706306301,0.059173266823094,0.579918981481481,0.577546296296296,0.0251943850465216,1,"before",40,0.237883284856793,0.234761972427053,0.0557188757286828,2.45649829263151,2.42883874689213,0.250452345526277,-0.378053547445874,-0.39047087972887,0.196249587564273,0.39631725471322,0.0120593230694846,0.00885974107677336,0.0618829563780498,0.0457703223329233,0.586053240740741,0.586805555555556,0.029740745231113,1,"after",0.037637093882045,-0.18496613031322,0.00613425925926003
