"scenario","basis","init","solver","seconds","median_iterations","converged","beta_r","median_rel_gap","max_rel_gap"
"positive","SPMG3","aggregate","ALS, tol 1e-7",0.125,2,1,0.618897228013963,6.32051056251422e-12,5.15328979582824e-10
"positive","SPMG3","aggregate","ALS, tol 1e-10",0.118,3,1,0.618897342566275,0,6.12485497624608e-13
"positive","SPMG3","aggregate","L-BFGS-B, factr 1e7",0.312,9,1,0.618732391625625,8.15770812017497e-08,8.17775090962267e-06
"positive","SPMG3","aggregate","L-BFGS-B, factr 10",8.246,277,0.998,0.618896214308904,1.6365855300496e-11,3.1079180918367e-09
"positive","SPMG3","reference","ALS, tol 1e-7",0.124000000000001,4,1,0.618897475045593,8.32372062402204e-12,1.96178076779538e-09
"positive","SPMG3","reference","ALS, tol 1e-10",0.129999999999999,5,1,0.61889735085505,0,9.88872742447614e-13
"positive","SPMG3","reference","L-BFGS-B, factr 1e7",3.519,131,1,0.618911475040731,5.07871457598172e-07,1.0519887336799e-05
"positive","SPMG3","reference","L-BFGS-B, factr 10",11.706,457.5,0.999,0.618897333788195,7.06718615875345e-13,1.45021679741645e-11
"positive","FIR12","aggregate","ALS, tol 1e-7",0.18,3,1,0.559186031827471,1.2837290513806e-11,2.79547129988029e-09
"positive","FIR12","aggregate","ALS, tol 1e-10",0.202000000000002,4,1,0.559186492178023,0,5.1470828484892e-12
"positive","FIR12","aggregate","L-BFGS-B, factr 1e7",1.33,11,1,0.558974672945526,3.97346778467583e-07,2.87118292057389e-06
"positive","FIR12","aggregate","L-BFGS-B, factr 10",15.422,264,1,0.559186459289145,2.95974454723485e-13,6.621974940559e-12
"positive","FIR12","reference","ALS, tol 1e-7",0.180999999999997,4,1,0.55918858760038,4.62285453378525e-11,3.49692601684471e-09
"positive","FIR12","reference","ALS, tol 1e-10",0.209000000000003,6,1,0.559186573850704,0,4.09156020513304e-12
"positive","FIR12","reference","L-BFGS-B, factr 1e7",9.648,161,1,0.559211005360312,2.82841383927705e-07,1.0623963486686e-05
"positive","FIR12","reference","L-BFGS-B, factr 10",24.827,426,1,0.559186481591869,2.15662126175531e-13,1.21002563005691e-11
"positive_rapid","SPMG3","aggregate","ALS, tol 1e-7",0.149999999999991,3,1,0.364342243127405,3.87139972169568e-11,1.04401829461799e-08
"positive_rapid","SPMG3","aggregate","ALS, tol 1e-10",0.159999999999997,4,1,0.364342603959757,0,3.50592581727549e-12
"positive_rapid","SPMG3","aggregate","L-BFGS-B, factr 1e7",0.60199999999999,9,1,0.364075325074212,3.90750003145951e-07,4.58402002753132e-05
"positive_rapid","SPMG3","aggregate","L-BFGS-B, factr 10",25.033,489,0.997,0.364338826562644,3.61905980497018e-11,2.92712311080491e-08
"positive_rapid","SPMG3","reference","ALS, tol 1e-7",0.154000000000011,4,1,0.364343518003635,7.5129239169431e-11,5.76321704548426e-09
"positive_rapid","SPMG3","reference","ALS, tol 1e-10",0.174000000000007,6,1,0.364342644589035,0,1.00086679319789e-11
"positive_rapid","SPMG3","reference","L-BFGS-B, factr 1e7",8.52500000000001,168,1,0.364314564642276,1.19818002643155e-06,3.58055979010532e-05
"positive_rapid","SPMG3","reference","L-BFGS-B, factr 10",36.289,745.5,0.997,0.364342432283746,3.92321012454128e-12,1.02857475376124e-08
"positive_rapid","FIR12","aggregate","ALS, tol 1e-7",0.294999999999987,3,1,0.309021030972914,3.04855647261961e-11,8.44168838693019e-09
"positive_rapid","FIR12","aggregate","ALS, tol 1e-10",0.296999999999997,4,1,0.309021210292476,0,1.15622161669896e-11
"positive_rapid","FIR12","aggregate","L-BFGS-B, factr 1e7",2.03200000000001,9,1,0.308747154838869,6.18723913233865e-07,4.78826278394996e-06
"positive_rapid","FIR12","aggregate","L-BFGS-B, factr 10",31.926,296,1,0.309021239834317,8.43487405853744e-13,1.67086263443403e-11
"positive_rapid","FIR12","reference","ALS, tol 1e-7",0.293999999999983,4,1,0.309023048714244,9.38243280791843e-11,5.64469786367115e-09
"positive_rapid","FIR12","reference","ALS, tol 1e-10",0.33499999999998,6,1,0.309021270869319,0,4.66127553128424e-12
"positive_rapid","FIR12","reference","L-BFGS-B, factr 1e7",20.092,171,1,0.309001867218925,9.36441794399217e-07,0.00644419243265569
"positive_rapid","FIR12","reference","L-BFGS-B, factr 10",61.627,541,0.998,0.309021239672601,1.05891008255556e-12,2.17028156911161e-11
